historico_id,profissional_id,senioridade,data_inicio,data_fim
1,1,Júnior,2021-01-01,2022-06-30
2,1,Pleno,2022-07-01,2024-12-31
3,1,Sênior,2025-01-01,
4,2,Júnior,2021-01-01,2023-12-31
5,2,Pleno,2024-01-01,
6,3,Pleno,2021-01-01,2023-06-30
7,3,Sênior,2023-07-01,
8,4,Júnior,2021-01-01,
9,5,Pleno,2021-01-01,2024-12-31
10,5,Sênior,2025-01-01,
11,6,Sênior,2021-01-01,
12,7,Júnior,2021-01-01,2022-12-31
13,7,Pleno,2023-01-01,
14,8,Pleno,2021-01-01,
15,9,Júnior,2021-01-01,2022-06-30
16,9,Pleno,2022-07-01,2025-12-31
17,9,Sênior,2026-01-01,
18,10,Sênior,2021-01-01,
